category	subcategory	ID	Description	GeneRatio	BgRatio	RichFactor	FoldEnrichment	zScore	pvalue	p.adjust	qvalue	geneID	Count
Environmental Information Processing	Signaling molecules and interaction	hsa04080	Neuroactive Ligand-receptor Interaction	16/45	359/8347	0.0445682451253482	8.26691426802847	10.3617310460347	2.03757140731847e-11	2.22095283397713e-09	1.95177892701032e-09	1137/6863/7200/5029/5173/84634/6750/4852/8862/3061/64106/5179/1392/1394/680/3351	16
NA	NA	hsa04081	Hormone Signaling	10/45	210/8347	0.0476190476190476	8.83280423280423	8.4634775037944	1.21301055619663e-07	6.61090753127161e-06	5.80968213757332e-06	7200/94235/5173/10267/6750/3061/5179/113/1392/1394	10
NA	NA	hsa04082	Neuroactive Ligand Signaling	8/45	199/8347	0.0402010050251256	7.45683975432719	6.78695733095248	9.16556667682943e-06	0.000333015589258136	0.00029265493599701	1137/6863/94235/5029/5173/5179/113/3351	8
Environmental Information Processing	Signal transduction	hsa04024	Camp Signaling Pathway	6/45	222/8347	0.027027027027027	5.01321321321321	4.46181047157728	0.00113169262872927	0.0308386241328726	0.0271010603195694	6750/4852/113/1392/1394/3351	6
