"","category","subcategory","ID","Description","GeneRatio","BgRatio","RichFactor","FoldEnrichment","zScore","pvalue","p.adjust","qvalue","geneID","Count"
"hsa04080","Environmental Information Processing","Signaling molecules and interaction","hsa04080","Neuroactive ligand-receptor interaction","27/171","359/8347",0.0752089136490251,3.67116258613107,7.48161443864376,3.44683929097623e-09,8.34135108416248e-07,7.98215414752391e-07,"1137/5734/1812/4887/5733/6863/7200/796/5029/5173/84634/6750/165829/4852/4986/8862/3061/23566/1142/64106/51083/387129/5179/1392/1394/680/3351",27
"hsa04510","Cellular Processes","Cellular community - eukaryotes","hsa04510","Focal adhesion","14/171","202/8347",0.0693069306930693,3.38306988593596,4.95831053785906,0.0000647170133354077,0.00783075861358433,0.00749354891252089,"858/3082/857/7424/3908/5649/3918/3909/5155/256076/2277/7058/330/4233",14
"hsa04081",NA,NA,"hsa04081","Hormone signaling","14/171","210/8347",0.0666666666666667,3.2541910331384,4.78448294974687,0.0000984458285471303,0.00794129683613518,0.00759932711591883,"1812/1734/7200/796/94235/5173/10267/6750/4986/3061/5179/113/1392/1394",14
"hsa04060","Environmental Information Processing","Signaling molecules and interaction","hsa04060","Cytokine-cytokine receptor interaction","15/171","277/8347",0.0541516245487365,2.64329596554563,4.02240420647642,0.000542010666489551,0.0327916453226178,0.0313795649020266,"9235/6374/651/146433/650/355/1237/9180/3570/51561/6372/9573/4982/3557/970",15
"hsa04151","Environmental Information Processing","Signal transduction","hsa04151","PI3K-Akt signaling pathway","17/171","351/8347",0.0484330484330484,2.36415587877576,3.77613896601794,0.000830541097570236,0.0401981891223994,0.0384671666243057,"3082/7424/3908/5649/3918/8822/94235/3909/5155/9180/256076/3570/2277/2249/23566/7058/4233",17
